{
    "name": "Nano Bots",
    "description": "A collection of bots.",
    "layers": [
        {
            "layer": 0,
            "name": "background",
            "items": [
                {
                    "trait": "Gradient Blue",
                    "asset": "./traits/backgrounds/gradientblue.png",
                    "odds": 25
                },
                {
                    "trait": "Pastel Blue",
                    "asset": "./traits/backgrounds/pastelblue.png",
                    "odds": 25
                },
                {
                    "trait": "Gradient Lavender",
                    "asset": "./traits/backgrounds/gradientlavender.png",
                    "odds": 25
                },
                {
                    "trait": "Gradient 3D",
                    "asset": "./traits/backgrounds/gradient3d.png",
                    "odds": 25
                }
            ]
        },
        {
            "layer": 1,
            "name": "body",
            "items": [
                {
                    "trait": "Blue",
                    "asset": "./traits/body/blue.png",
                    "odds": 50,
                    "invalidWith": []
                },
                {
                    "trait": "Grey",
                    "asset": "./traits/body/grey.png",
                    "odds": 50,
                    "invalidWith": []
                }
            ]
        },
        {
            "layer": 2,
            "name": "hands",
            "items": [
                {
                    "trait": "Money Gun",
                    "invalidWith": [
                        "Grey"
                    ],
                    "asset": "./traits/hand/gun-blue.png",
                    "odds": 50
                },
                {
                    "trait": "Money Gun",
                    "invalidWith": [
                        "Blue"
                    ],
                    "asset": "./traits/hand/gun-grey.png",
                    "odds": 50
                }
            ]
        },
        {
            "layer": 3,
            "name": "head",
            "items": [
                {
                    "trait": "Golden Cables",
                    "invalidWith": [
                        "Grey"
                    ],
                    "asset": "./traits/head/cablesgolden.png",
                    "odds": 50
                },
                {
                    "trait": "Rainbow",
                    "invalidWith": [
                        "Blue"
                    ],
                    "asset": "./traits/head/rainbow.png",
                    "odds": 50
                }
            ]
        }
    ]
}